temp_sensor,vibration,power_output,pressure,efficiency,target
79.96714153011233,10.14671960649972,243.43582263326311,11.563367285138014,81.32913100610752,1
73.61735698828815,5.118436868028977,218.9879293151981,,85.4099777820678,1
81.47688538100692,5.027858583825893,198.99892165019423,11.666813398010346,87.2864020230762,0
90.23029856408026,4.951749825779993,232.7106519680115,10.268742043765746,92.27911161073384,1
72.65846625276664,,255.60830196069253,9.407984739078021,88.52253269912362,0
72.6586304305082,4.711279176152115,222.3124122540745,9.546180149039465,88.94528343687759,0
90.79212815507391,3.8526759862395275,200.41410479373522,9.415275158941958,85.4191331396468,1
82.67434729152909,3.9062821175192157,73.7632753529968,13.401310290601193,92.05229572601752,1
70.30525614065049,,157.3954534769851,11.780670166842587,87.04881397979749,0
80.42560043585965,3.91315045773247,187.79101182581329,1.1788340960071597,80.69456044913215,1
70.36582307187538,3.5743084346456713,175.61951191362868,11.967702329589283,92.01684985062596,0
70.34270246429743,5.212860455383794,192.52114788058216,10.584208584156325,88.48951636269514,0
77.41962271566034,4.490045565158289,202.26599699588428,9.943873730662308,82.78477989435758,1
55.86719755342202,8.007985977165378,221.18771017426923,8.834444640733343,82.60253516300378,0
57.75082167486967,-0.301939616786024,197.18004887763635,13.37233815995804,86.48287772570382,0
69.37712470759027,7.1830137038449235,219.46006575304807,12.842579386368573,87.31592397633793,0
64.87168879665576,7.492170384995259,202.5789765924048,7.681366996529173,85.98646132815603,0
78.14247332595274,0.8532195351837011,120.98133734584515,11.221156861373606,86.55654336721443,0
65.91975924478788,4.314624811839303,162.42658424724982,7.085029796376142,93.4997868728819,0
60.87696298664709,4.257118268008417,194.2364977711354,5.861145505633209,90.35771576117443,1
89.65648768921554,2.1849766105643575,151.6122102863557,8.119848326230105,85.95317795632512,0
72.74223699513465,3.444366624818249,223.9971491998482,12.587180417148277,89.70655290383742,0
75.67528204687923,2.7788483090683425,261.2300332937479,12.85937513612826,79.8373804823623,0
60.75251813786544,8.504540886847245,248.75047406789267,11.539256260291879,86.98963524973405,0
69.55617275474818,6.871356786294922,191.4622851627917,12.175287360543992,94.04653174866556,0
76.10922589709867,7.543110189988317,259.6290454739981,11.548534861344875,83.90977052303813,0
,6.44334412808647,205.94669828808446,8.075555214331143,80.76183035690458,1
78.75698018345672,2.7418964575655416,186.51656115527842,11.295767634021821,81.73955555703469,1
68.99361310081196,3.9509594674404527,175.4638934583624,12.401228575683046,79.55183481328805,0
72.08306250206724,5.978749122455836,187.90121254047486,12.262873989440724,81.07619045936148,0
68.98293387770603,2.5557443822161092,184.47292725835086,13.56674011442393,83.14745950704986,0
93.52278184508938,6.425996860344776,206.8166488950195,12.124911541603192,77.97216490410679,1
74.86502775262066,2.2596746018418647,206.4229592419946,11.054344622624749,85.07809166974802,0
64.422890710441,,200.1218408061366,13.210450714949282,89.51138586893323,0
83.22544912103189,6.421919936406983,217.47752678985398,9.92043622225282,80.46121909926539,0
62.791563500289776,5.88852662297208,247.62585099145366,7.354376046316847,92.59641961820884,0
77.08863595004756,4.278067668361841,237.98216541765294,9.510799108168708,87.55396044263797,0
55.403298761202244,7.318659606728496,140.60408126200386,7.7652920655806525,90.15290292812028,0
61.71813951101569,-5.675746689600411,97.8431546039218,7.974465175076856,81.71082723073931,0
,6.231871213888527,237.37279644957096,9.566443987853447,89.27262613533308,0
82.3846657999541,6.186202515936768,145.32485206338316,7.622740237000116,79.54033049802344,0
76.7136828118997,,191.00938392429265,9.07611541108288,89.45123750418254,1
73.8435171761176,5.652266044484236,153.19547895762562,4.319155999138643,85.85919669896765,0
71.98896304410711,2.497772847229394,127.9207824967992,10.639881122118815,87.76625609992392,0
60.214780096325725,6.848054038413802,221.65850912819153,10.003616426086673,79.12202697187574,1
67.80155791605291,4.630195727114022,230.36620641210587,7.548734106795428,80.52465078861698,0
70.39361229040213,3.954553958961921,176.9395839709312,11.977737005297215,87.98614109126693,0
85.57122226218915,7.098018451673779,96.35830831420361,12.812710412879674,80.258259978879,0
78.43618289568461,3.5913126189144817,178.15022206990068,5.177320406893077,87.31603146049561,0
,2.1830774072728807,215.67216021610187,7.711825664301357,78.16431096769877,0
78.24083969394795,1.8867416529521925,140.84353724903485,7.692572950638105,89.24087106333334,0
71.14917719583684,6.21201990269128,207.33439679116623,7.180290696673406,78.83738342615746,0
68.23077999694041,2.439141295007434,199.38760603308017,12.488424525795246,87.76149968839762,0
81.11676288840867,8.50958836396873,223.17165998404354,9.418521583681589,88.12815466823001,0
85.30999522495951,0.8361411842325559,204.78321473656612,9.206455476068168,81.51614090785212,0
84.31280119116198,8.392912736580076,161.07724236473777,3.9884129067797396,87.91013283542364,0
66.60782476777362,5.422034934405237,247.86286006657966,11.90625409062768,86.30221131666778,0
71.90787624148786,4.806573776259215,,6.282224815439582,82.30579071903631,0
78.31263431403563,3.9101618263821005,198.90781841960273,10.179797890798985,79.95722657961896,0
84.75545127122359,5.798272228704142,162.66928163707217,10.832130813874574,75.1868715416371,0
70.2082576215471,4.9247305951503035,-364.53741990467915,14.081975787515953,86.74825023649846,0
73.14341023336183,7.2066037640330425,164.60789143892396,6.0735388026426635,77.17598614318972,0
63.93665025993972,5.228455297324079,193.08215760306308,0.941463532537524,85.47672099720654,0
63.037933759193294,5.300603522923756,268.4683392056937,10.551548634261085,83.68275891958875,0
83.12525822394198,4.272775575572288,145.12395428274573,15.401533544532562,88.39571387719097,0
88.56240028570824,4.886108752557865,135.45754408493036,13.716839058818312,83.48977250255068,0
74.27989878419666,5.615603537784119,258.84681309974434,10.628978245823877,83.35276106826454,0
85.03532897892023,1.5796632146867489,191.62705291392535,8.525091443103857,44.32967676072074,0
78.61636025047635,2.303629155788574,173.23709045360334,12.421367789911931,86.67529014542059,0
68.54880245394875,6.48652818804543,241.59618749584305,7.079361400886594,86.58077978591389,0
78.61395605508415,5.341730876255884,175.77537841052543,11.429073308068658,87.34633794904263,0
90.38036566465969,4.632033327294642,273.04038854187746,11.51641047749988,77.32213938396447,1
74.64173960890048,5.036867866130787,227.11703485357077,13.18062972249664,88.78394339993491,0
90.64643655814007,5.695163410723342,180.4835436741719,18.278980116733234,88.06234397006801,1
48.80254895910255,3.920480639381277,286.2923285306201,11.177247901536301,79.91658435711751,0
83.21902504375224,3.4433905491953745,175.77140307986647,8.473109122877503,83.77959763162899,0
75.87047068238171,5.391690510195363,229.68381488037227,9.923277063424017,84.80346356186185,0
-144.01985299068264,3.0432544447699357,211.97170321625967,4.692772285332645,84.32751607799133,0
75.91760776535503,5.816505511428944,252.06965157595192,7.915860606732825,86.66929983284267,0
55.124310853991076,1.5948327915243192,262.46044786907413,8.772152685660688,92.15683390915592,0
72.80328112162488,7.058311274651287,201.28016596263066,8.427734806196222,90.40883363836414,0
-157.14225143023492,5.9451949648260864,169.86328518615267,10.457064616101166,78.43890403284297,0
89.77894044741517,5.5120594686277515,218.39888571756467,7.5327402028533985,88.11034995153024,0
69.81729781726352,6.965381967891028,172.89138520991577,13.363092001973413,91.64466659767704,0
66.91506397106812,8.330948888925153,280.5354899010649,10.000621194754592,86.93404260344602,0
69.98242956415463,7.028740130036261,205.4614132433095,9.972099036584156,90.45490212592983,0
84.15402117702074,1.3182515373367094,185.38713794751564,9.016315850461247,95.06135222850382,0
78.28751109659684,2.440846066528597,207.38721223459635,10.465572051576938,90.11854773053491,0
69.70239796232961,3.7503628446086426,73.05747420940607,12.475294794002904,86.24654297820864,1
80.13267433113356,5.052182100421668,161.13543845957395,7.3986093528672985,90.22544237042376,1
75.9707754934804,6.035318040938246,248.01655631777703,8.02565053277423,85.72443916548445,0
84.68644990532889,3.548512373693069,173.72422884114417,9.088821913670007,85.11951521642477,0
67.97946906122648,5.373533528954157,158.1235606927224,5.962387229580355,83.24292882143133,0
71.72337853402232,3.489234135293355,221.46611010109143,7.542226420835506,92.81706679416054,0
71.07891846867842,3.7769643940161037,247.4281661865199,8.571337379366023,80.90785667028999,1
60.364850518678814,2.1866778063035555,228.75813242660269,12.623167542138184,92.66183862339058,0
77.96120277064576,3.1535335077781914,239.84190743223266,10.787683987005774,87.49932061870186,0
77.6105527217989,2.2966307887673327,169.72819645722157,10.580769734102633,78.00346912599029,0
75.05113456642461,3.0482534940453343,143.12757333032624,12.552693886503917,86.83824646495711,0
72.65412866624852,7.107283593215679,260.0533460782195,9.58788463480181,74.49986746174189,1
60.84629257949586,3.1012022223361138,187.09280644631457,11.171394549786669,88.12754008415519,1
70.79354677234642,10.26476412967478,189.9666793417981,,89.42615741494495,1
71.57285483473231,5.9866358017617785,253.1277656739623,10.796087048198885,82.03822022173973,0
66.9772273077838,5.369672247389747,-444.4984007520528,8.251724027165254,85.61773847977791,0
73.3871428833399,3.2832844396375727,218.2355108832643,2.6835485251707123,94.77078716875143,0
79.04050856814538,6.4006197588179825,286.6000937960433,9.597162513441088,82.47126647869031,0
93.8618590121053,3.848724347524452,174.2592707847943,14.26824440829982,79.705462064717,1
76.74577812831839,5.244019629290723,237.1136051232495,-25.557292413449552,92.40831701231299,0
77.57550390722764,10.12016907653759,202.28052499588338,12.896192453773512,94.81293595265397,1
74.25554084233833,4.8078802005507,210.74369115453027,13.708392165418655,85.01847835923924,0
55.812287847009586,7.298546652571352,261.13873705650127,10.265972772884313,90.05731517704179,0
74.73486124550783,3.593647149748225,220.31343025158495,10.591947122216787,91.70737957765441,0
75.60230209941027,4.930023019006077,221.5318431619853,8.147044313696949,81.28757883730808,0
99.63242112485287,8.54160127127102,242.90029349239208,9.051781431918851,82.57347082316066,1
73.07639035218878,3.746065884424465,185.40189081828458,11.847313449313425,91.15437256577367,0
78.01547342333612,8.624897115993857,166.43161330643974,13.611653311506448,93.42507139354255,0
74.65288230294756,6.415503870910951,,9.581661172957002,87.81440430087177,0
63.31321962380468,3.8750664482114647,121.34573642495992,8.649432205445766,80.60092823248974,0
86.4282281451502,6.264815478111042,282.24828519761286,10.001583876569791,94.9353055584972,0
82.51933032686775,6.9451088992534595,155.87166537113268,11.803620246787345,82.34514551094017,0
82.91031947043047,6.243619924434393,191.14985505656912,5.668435551599375,83.32431109414274,0
65.9061254520526,1.8595505602190872,188.92746800444317,3.1114571405882856,86.7116891724481,0
89.02794310936099,3.545725648350263,212.29626791236404,8.34838945152525,92.77080210357387,0
60.98148937207719,4.504962728896991,232.62948850157187,6.337862722257524,89.26987988276112,0
80.8685709380027,4.851133141799908,234.4189395343898,8.475579407058067,87.07432750180955,1
96.90455625809979,6.241344195101356,176.67690245724248,9.556659043547585,87.31644265059053,1
65.09463674869312,5.355402001866508,193.31513144854355,8.640254772930959,85.21757334321732,1
-138.67404540794456,2.3293112825797975,211.30319801953198,14.357402603412236,87.79069757259253,0
75.99651365087641,5.760395702011927,190.0523549526581,10.98023429380696,72.35219961152849,1
69.965243458838,6.221171490567646,264.2938230407997,10.901423078832485,83.51696270465101,0
59.493365689338674,6.11958089586208,219.63899806553005,11.866621432130206,86.2066096745839,0
75.68562974806028,7.161561451109243,229.3951114419927,6.583500646657693,79.24492958190247,1
64.37696286273895,6.667844309097808,226.5152507466965,13.117335362260807,86.9316165890578,0
79.73592430635182,5.918360158456873,246.938954299413,9.77270714039362,83.97764389506939,0
65.80575765766197,4.859668577082706,207.24086234814828,12.011441851723639,93.77737849157745,1
90.4993440501754,1.6780781329680172,148.12672208176613,6.784428300879534,92.86509862607429,1
67.16746707663764,5.859236438265172,215.98751807010566,5.338723701951807,82.67097215440918,1
35.88969241897162,5.4153753743262225,173.94572424832683,12.453668974075086,84.24581144216653,0
83.1351721736967,5.543157674390747,178.85533273000974,11.12922857829255,84.63026217195804,0
62.69135683566045,2.446502848359381,223.45456075020374,7.293845336927468,82.74170261920189,0
77.2745993460413,2.8378869191834752,249.53132285734543,7.391010756175917,85.97512492014063,0
88.07142754282428,,200.85086306944245,13.376304353244308,81.20858965556205,0
58.92516765438772,4.92088969228669,212.35332050395854,6.431764321398017,79.34692332531237,0
76.84633858532304,6.363001394745249,268.08859778540955,14.92801885976789,88.11355611950134,0
77.59882794248423,5.056636752260922,209.63012717954274,7.298137796056394,88.14764792110905,0
82.81822871777311,5.05951227899149,304.0673245672158,11.91517577682515,80.97842120170004,0
62.63049289121918,6.876567611951995,222.62038582526176,9.014144572753047,89.476777153813,0
61.795433869157236,3.967910543565252,129.5694896337673,11.80956229324703,81.84211135417334,0
80.21941565616898,5.192241553881967,230.1336648441813,8.367657993657422,86.26582619018991,0
77.96984673233186,4.075449422589915,215.24633539531112,9.511621281783118,89.10172006306227,0
77.50492850345877,,251.59011016330982,10.122757526187163,84.83193717648143,0
78.46448209496975,4.381655753062721,226.92725405079833,6.993437632655581,87.27370456070567,0
68.1997527842151,5.444267543267426,194.46176064064906,12.222473036260379,82.41785178056215,0
77.32253697161003,4.042502756673045,75.51403527421269,8.460359300585244,84.01766708285952,0
77.93072473298682,7.511512251147042,191.639069708559,9.314200253979944,83.9707028455983,0
67.85648581973632,3.2107853955609924,165.979181831628,7.016951876174463,81.26710826729881,0
46.828872555723784,4.626256711677282,176.7790620078111,2.3129990236140685,252.34838755326325,0
79.73832920911788,4.12053788345165,223.5431361768244,9.426916712199493,77.25690850568127,0
63.08696502797351,7.893955768707466,266.79618017405625,17.237846264838748,82.54423126428948,0
81.5655360863383,5.393109553023149,215.78686119291925,,83.57562253315164,0
65.25318329772679,7.063689078937269,152.1646775185926,9.942218860796816,,1
82.87084603742451,2.028879253926056,217.78410672880563,9.211327512375197,83.79251277064611,0
86.58595579007404,5.534100531738518,247.86525946582606,10.067397678436139,84.69117900069935,0
66.7931768164829,6.779261591246874,175.60868382722472,11.64135734552563,87.39720759043033,0
84.63376129244321,5.164567978550848,194.6393133330833,6.457561554073465,89.37258537066262,0
79.12780926936499,7.130960750130702,200.5875277891679,,81.75117386575866,1
83.2206015999449,3.9654230997992554,168.60406747671038,12.146143946323733,78.98399572305428,0
93.96792982653947,7.81869488037116,225.93121735375436,12.154557177123802,79.78977793878448,1
72.5461188399713,9.5977962472385,195.16207405568875,11.315427216429182,82.56398539402537,1
67.4626383564251,4.274322879120682,216.7812977562811,10.05884997308197,83.24039341091745,0
66.10485570374476,4.1089949571984565,164.50031288791598,12.01858370790046,81.1500196690127,0
66.84189715034562,7.906768954235401,182.50166798706357,11.775442401224135,78.51941667875053,0
74.22898290585896,8.159144291461425,228.89525431311085,8.937877867176928,82.71939586262906,0
78.41151974816644,3.9542799456934636,185.08667391632932,8.279194681309297,85.90713310056985,0
77.7669079933002,4.159626365808285,269.0785540493362,10.30556888578596,87.97514732917783,0
83.27183249036024,4.436430782278985,184.0145525754159,14.647060454485562,82.2128847344584,0
75.13001891877907,2.311098977931446,,6.282678773038297,82.93501088928284,1
89.53534077157317,3.1626961070316035,237.30363327492358,5.59742420274268,80.36650845576345,0
72.35343166762044,2.9917184664958643,143.26537068267874,10.49428252370955,84.84280414812612,0
102.20169166589619,3.464404869791743,129.56764752076896,10.152663105568054,80.75785682904592,1
81.25667347765007,4.930630225226437,138.9737474171962,10.520024993111225,87.865639066206,0
66.42842443583717,5.468429465073042,250.5033641370873,10.7318595937255,76.07066754032944,0
64.29107501938887,8.101000985628154,177.92567416430214,9.330393236095585,83.20185163773769,0
79.82472415243186,3.003291918522418,302.3279714267301,14.469590315806247,86.50553669595871,1
72.7653721467415,6.968644796953168,177.43009605370446,5.197288064570453,85.91917258161253,0
82.14000494092092,4.572022311548982,,7.514508925659262,98.46516831990249,0
79.73237624573545,4.901072580695134,261.684398102715,9.690235719552858,86.74900012283953,0
74.27171087343127,6.3496389843332075,280.2437155263649,5.070433566537498,79.97972701578995,0
66.53206281931595,2.7545559568754028,282.4601430654559,9.472436786703787,84.52267876455464,0
,-11.529638984736202,248.3346492237257,14.984410497184054,76.11876833266774,0
70.53485047932979,5.332904416426112,240.9625010324585,10.062659464887885,84.5970012535162,0
83.56398794323472,5.984902528016298,223.70107796804731,10.69210271715605,80.83471971499621,0
77.14093744130204,5.5783372878156365,231.13444304666552,6.219505704482259,89.57695137780081,0
62.542612212880115,9.91060027982179,177.95257134685866,8.150915775881568,82.25229862702233,1
76.73180925851182,3.7245200314973683,167.27204466310772,-17.748821718056377,84.41617042102376,0
78.85317379728836,3.9380060899963647,199.86502170356192,9.046854709731297,81.82221079297798,0
66.16142563798867,3.753718947150471,193.19261509900286,13.844931385011307,93.69425675926665,0
76.53725105945527,3.8890457616794905,181.870878026909,11.673073182175374,83.39378616941045,1
75.58208718446,3.7252257453869646,227.85549789826862,6.6656261291889045,94.162785217396,0
63.57029702169377,7.378033062215104,238.21220834282042,10.739514335296015,89.07075881059133,0
78.57787360348283,7.841008495979709,203.5362754516739,11.494665245490356,87.41033363667692,0
80.60784526368235,3.8585074125010475,259.1012032422105,13.4204471155638,86.8436657365876,0
85.83051243175277,3.3352888537915426,154.3324354346598,14.74162205970512,86.96898649108125,0
85.53802052034902,5.942831112772808,192.2536216288113,6.954717424516394,75.36163710327195,0
61.22330632042909,3.8955539114380575,171.32710717588782,7.5674274663689856,83.60558302924622,0
65.62174960084877,6.265863635511021,125.3385353170776,6.227266423256151,89.2257898559216,0
80.1503526720866,5.405846041702599,196.69277256629204,9.297940422679055,84.75551408262947,0
80.1378595091221,1.9685117700055361,195.13009966466865,11.399075123339003,77.97405076598213,1
80.15047686306048,8.095010402660122,260.53798972968525,12.962003549767307,84.73797774711265,0
113.52731490654722,8.591755346191043,225.2324673821911,9.772146929072433,93.52052758127746,1
80.70890510693167,3.7744226190312276,159.03252702683181,9.040457430235469,91.23445857767359,0
86.35565640180599,4.224596880128032,274.1637026533675,10.455273976746222,84.68997995316984,0
84.54001763493203,5.57173078144981,248.84134782101412,7.494571295109931,89.75724638529043,0
81.51391251305797,5.66891357997405,223.28390813874464,16.26861616508432,83.16746489815974,0
71.84730755359655,6.317088545345661,190.94063604600672,5.177016918645824,76.4806420658664,0
82.58969220493267,9.0204090775327,161.62243053106081,10.554221736687174,80.37767005935223,1
67.27174785462428,4.646105545011901,185.11172895715788,16.070818657688918,92.81444384254098,0
72.63181393259991,3.4034055109230925,243.54994478816744,10.020399533679994,83.63003459085348,0
70.14636452170896,2.2413615439709456,275.38345223738435,9.429882894995517,83.78308010312492,0
75.81874139386322,3.538139920116162,261.72974113088753,8.927663731568718,83.5008090186256,0
98.14658566673509,14.801238162757215,180.44602312854903,9.458824954712776,94.52068294786504,1
56.32734807408252,8.589115727035576,155.21530266843956,14.118545424029591,93.12979457681031,0
81.86260190374513,3.964777401927657,205.63544987644815,3.3644142660114795,96.09390116724067,0
58.87284128810349,5.447575903277797,129.26242537748595,-29.200602207777955,84.20477394799974,0
70.28068134210567,4.967154207854496,212.92670856739124,5.728128542649564,86.47812244373547,1
85.88950596967366,7.376786546896168,194.09589654805325,9.200043012296756,77.41678725289604,0
75.64280019095463,10.053864851747242,181.35853992527032,8.712266739104015,92.38467213059137,1
64.22255222070694,3.938262454159359,136.21187730932817,11.76565980931216,79.16110224366032,0
67.84696290740033,4.021121114963556,220.54400426278866,5.205626944348757,86.08387781881315,0
81.79597748934675,7.0883217541381445,178.69196641352355,11.386517998245829,79.51348736183579,0
67.69633368282864,6.363782979252623,153.2033265715885,16.072928869860558,82.05566586630653,1
77.16458589581976,8.693414651472068,85.10951146873403,5.910477986221569,80.8136878447515,0
75.45571839903813,6.167856370651927,198.89940379797454,10.569118502831188,81.96062369662091,0
68.48399652394183,4.281415818425881,,8.014053466610173,82.3043864842551,0
96.43944089325325,6.181309661384619,266.4503685819148,11.277661618579106,,1
81.33919022318011,7.2174071611658155,181.71614973654914,10.057443332247257,89.16666955890153,0
54.74857413342393,6.640964362394728,175.91151758552877,8.075539272867072,79.4756860346874,0
76.86454314769428,6.014548062214596,218.75097024300095,11.463616854613221,86.10270713506934,0
68.38213535231613,7.133349379178307,160.06458243246834,15.413044329360229,91.0897957615278,0
83.52433334796224,7.3385911808913455,212.07167599277864,9.427288624818104,,0
67.07479261567299,7.764317982075054,230.64321113538762,12.159273826444545,81.41040554626198,0
73.85263558533102,6.297419775179286,249.0773289553723,6.120181126386509,83.84737687409874,0
80.04987278980457,4.665763839366291,195.99383694080188,7.130690869545974,90.89862604180355,0
83.65755194170121,5.293427372866645,191.85304999292137,11.417218833641133,85.97053815476679,0
62.997035929442234,7.413017933016714,164.88069652973755,14.452348085607895,82.343928526962,0
71.65498764159051,3.366128658025528,166.9247858384056,11.06684004635698,87.4193832559402,0
70.25054688839043,5.737346617745803,190.94084432393893,9.060825908430537,79.48853925081788,0
68.46670767426288,4.213322375345278,214.69462027264711,9.997874216270063,88.40679755221474,0
92.65454240281096,5.057489645869635,236.54338504932997,6.248776798090848,87.04303653850884,1
79.04981710960955,7.556903725214598,167.8728419727862,11.8135459790661,83.46095764430558,0
62.391160456649544,5.382198136039807,259.7075427583809,12.646999186970227,80.80707100776385,0
84.17861947054776,5.092873096312298,189.15505595829725,8.643729001500759,80.56659538858271,0
96.22156197012633,2.2802877180401615,199.14530822606255,8.589873556721496,87.67408668172955,0
85.32465260551147,6.492507132054442,170.11153283408706,10.797634688956146,91.14490251244531,0
59.80630034045987,6.29096836228215,103.03038958908233,8.689840791878213,81.81346126485603,0
70.15765927133748,9.32650944661092,235.361815854442,9.801602156122533,87.29193351775743,1
87.66911149186623,4.384443530093998,229.47375588369732,16.299165367499548,74.56486490698965,0
67.92330534381219,5.438300655327878,188.74689771527147,9.25892289776201,82.076911346714,0
79.43819428146229,5.498767367421511,202.67962868899488,8.924979543936333,84.84470533564549,0
82.74634053429337,8.15490655952695,220.63756870816397,8.057374583094523,80.45158291509082,0
65.73069528421917,14.428226805678289,137.4981657245383,12.23257591449981,80.31746812605202,1
74.404746439382,5.558043051540679,178.8378929061482,9.45632748034569,81.66110221765557,0
42.58732659930927,6.215793019433079,231.77058718487308,8.051880885035722,86.46096364163186,0
194.26837075997128,5.3732182463127165,149.82842307323003,13.963912096819037,84.06335490796813,1
72.4743184860684,4.107132770898944,211.74231728666518,14.258809013540912,73.80884383337514,1
62.52216818035151,-10.77635997159323,145.7367278150638,8.198729302783885,74.39649923682467,1
91.32411303931636,7.1472634997195446,,4.4003801459181515,81.96567411071412,1
60.69858622039367,2.9469694011778795,198.57434070810066,13.022541069510766,87.28843293026776,0
70.59955513303017,5.265939348293752,135.39472736377962,7.946110522719988,71.26247578637383,1
76.30740577286092,3.599758370121654,246.58957417828685,12.371876797488305,82.50134911924185,1
89.41273289066116,7.390093257849685,170.61633692807803,4.089688546864494,82.3687607174129,0
60.6413784882056,1.9536261904324506,167.58990251942475,12.677792014897928,91.94168889104223,0
86.63163752154959,3.8821563054568236,208.0227678892377,6.366484212157657,83.07489094143568,0
75.10233061019586,-11.508847500258083,245.9454939771486,12.192292357199573,86.91494492370464,0
65.18491348952048,8.13104805846868,159.36712724086414,10.042819203509302,42.85314285021866,1
79.6210347426327,4.868499477854025,202.46719399391887,7.138181741810065,74.347167600964,1
76.9905969557347,3.8896009466136032,217.1526600132229,26.336673183658974,88.84103608315868,0
68.99783122841205,8.76231413888118,227.72422429052577,12.058955370870102,86.07698252728144,0
75.69802084990019,2.103972199167512,207.057662211089,10.317683359345702,87.54134319837294,0
71.14686403138239,0.6023880867598361,185.3188864366671,11.753238941417452,104.63118853218162,0
76.13517345251248,5.880028900106665,166.89639117405122,15.929321753546457,74.57943530250705,1
81.62130674521046,3.9958915512947777,203.445755321855,5.307275164866846,93.62348324880554,0
90.86016816145352,2.9575343657385735,157.11443952057573,14.85163772490587,83.56276240299822,1
62.62184501173151,6.416712894598707,83.14598066021571,10.313067812569638,86.43664452201504,0
96.33033374656267,5.487601427542398,217.4623921663067,7.303647855030615,84.77243877349379,1
55.47912200477498,3.871842738526543,236.15739364344782,6.009059122783031,82.87881833300978,0
73.48214904964416,2.439391202658211,105.48270257832647,9.4326388276689,82.1508353588062,0
80.88317206484577,6.744914656560289,159.6107718116025,12.764950335773378,86.64754367786504,1
77.80991867735032,6.300402355917322,224.7661704402079,9.617352638867397,77.4141315166416,0
68.77300480179406,4.801648272441234,282.299818788468,14.533464790742043,88.75289583760883,0
72.91877749642725,8.693273992095332,200.8317483070163,5.646472929845324,82.91902797557373,1
70.06999065341168,2.859830467347695,170.87988235083463,9.963733156461837,79.34965330479821,0
69.10635243055789,1.9489496581505223,192.6841423558064,6.242819666760643,82.74993571002094,0
83.49602097021025,3.616183860237511,254.9950567659274,11.090895647874904,91.28574608431286,0
78.57015485965047,4.908827967289004,174.1614328350186,12.6606621702919,82.32332456491889,0
68.07090404739346,5.486678898645383,168.03231973398985,8.73771461895684,86.7922680910481,0
83.9959987543325,4.5175278842873405,180.6902591127187,2.1873584301185973,81.34521862142263,0
78.07299520876609,5.704110793028594,161.8668556696515,10.596844440389484,88.7896092496181,1
83.1286211883896,-4.993842303238224,204.9068126397918,11.310215655200528,88.42753869395102,1
81.29628841923612,7.887529208146519,264.9871383387824,11.212884264885092,94.24304416648206,0
66.71004989077927,4.835697643214862,638.7695127739235,13.707346575466463,84.12218027250393,0
69.3981895980303,7.234591663176255,189.9058599149485,6.786838961052854,88.34327402378953,0
82.47293605123262,5.685450692755408,188.32754924337823,12.040648316351348,85.49033769769473,0
81.10370265433465,5.913506438307568,137.47236765213373,13.577522537433925,91.47935890931507,0
74.79098406035853,6.139534560464408,,4.6642372479804495,,0
76.17327383308782,5.8954171200346295,196.88651211948792,10.958955477756932,88.72502656438641,0
87.77664895788425,6.285445519735088,192.78080345637497,8.487460506976985,84.0265135194166,0
69.0842861116417,7.658305060264863,327.72430271379443,9.755431980695063,84.67905911445752,0
80.47097381170038,5.39304233940294,211.95011633462744,11.043029450615009,85.45876242224186,0
72.97807347566106,6.418007515177025,169.92835799619263,8.538314307659343,86.26120198213339,0
72.82318796772779,4.820528611425546,182.94569615177826,7.972875762515164,84.4188547843902,0
85.9877685198719,7.880234430898946,245.9378283678702,10.102457252464074,86.07356591585263,0
83.2541634898803,3.6472153958814606,204.53081642151056,6.738262183411592,92.89059028781092,0
83.13509636000639,8.60188086582163,142.46888086730533,6.742524613344443,89.9272484280761,0
88.05478807154329,4.919684098711313,236.76915738300815,12.03811984886951,89.34577296248449,0
75.21003841632759,2.1384497957639037,173.27423657844025,6.553617894524032,82.72230236988065,0
81.81952971294965,5.2562088298215786,274.9319110487018,11.998937502727635,80.55379585885838,0
71.89733243406543,3.6378966850502383,243.20192262858595,11.387773878561854,89.77650279118876,0
78.24166352488442,6.681287097977448,182.10712417364996,4.822579813628209,89.38023396264897,0
73.69856945632316,3.694752041395218,251.24065446940452,7.967306042993035,92.36335337875491,0
75.96995964992718,4.107633133570441,202.71422042109614,13.582328209142117,81.98009687015386,0
80.95157025436913,1.220918538108938,234.11094700488877,7.056503406580955,83.85225672319827,0
66.81779316766527,4.095387361501847,219.389312691779,8.606787213071836,76.80257918737283,0
95.9238727568546,0.15224134674208667,166.14573380036506,11.38618267975569,83.03764446969564,1
64.93982618500299,1.8321943530285534,174.25800670730152,12.350171527847786,89.98285255289724,1
62.85811387212268,6.520829312288595,241.19843270324645,9.245383341866512,82.66752310385901,0
86.58110873500068,6.571600317301664,186.60898671573835,8.207469415925075,88.20239897600412,0
82.91662693962935,5.85091512356993,183.85406147032012,14.267109585095522,84.04748447001094,0
81.24119817052156,3.066047713741574,161.79509682602588,15.216698991392736,86.6202851411078,0
81.2834550926428,4.90457728771604,216.94396262373846,12.936574152345386,79.26154305092166,0
74.87753227153085,4.992794921818863,282.5009967697258,10.255954427695071,85.42604724816951,0
66.02745628514168,2.6832706216149145,157.29868342982908,7.575202835077221,70.04432014549639,1
75.75804558193727,8.006796603534301,200.96877826691033,7.508666780330304,-168.13103841838014,1
68.22838288487888,6.7547245811513426,256.48882221661717,11.567542315797272,38.423816890712146,1
84.7511973341775,4.558071652340672,196.81434435017138,11.255194662666051,91.02997258273408,0
73.52942618497862,5.053771677989062,218.09487184998935,14.204795778839287,88.88703676382255,0
66.74502803207488,5.416765615895105,157.50425887412482,11.951350277608418,87.3333549098304,0
71.78614158347007,0.9165302631514187,217.13228388830595,5.490759094720546,92.6050311357969,0
79.12931454275625,4.5056452349588065,192.51422939981805,,80.25541739587581,0
69.36275447196026,3.6360315040044027,239.4291998271945,7.005818118056761,93.73681598957779,0
66.77779604433569,2.996759980210169,247.49544206259003,8.848086184142945,89.66095782130192,0
77.43687211491913,4.43779941422809,303.58254568074454,10.750600618755083,83.81722356390527,0
77.44966571108722,8.595373053699046,223.18532692854302,15.987002469351893,90.67810073591473,1
69.9305682462887,6.28168572253402,213.03185266328666,19.329755668016084,79.46853243794183,0
70.28961694381677,3.8576420204344064,207.77537206309344,11.820169177408548,80.87742919236163,0
77.32049937357637,6.145165562712317,185.87334828757247,9.450410143838836,,0
60.51915658502676,7.798710873172004,213.53935373846764,11.603516945441651,82.35511145967992,0
60.92536225623445,6.849267365825538,188.18394359443883,12.662966277621507,239.1516353585962,0
67.81555778747564,5.119260739840349,206.73843905078456,9.037997123328426,91.11541533547663,0
72.86552848288153,-7.412252889177704,252.7039014243184,15.385634067736966,83.70572799815085,0
78.10907565598005,6.39644662722718,159.73829738881435,10.690212277574206,86.7625248417844,0
89.75356216949552,5.786970770843499,245.5951424451618,11.493229267274183,82.1482431679316,0
83.5765962320202,6.790386440055465,252.68460269359463,11.997772756163384,75.89698349725741,0
73.40061470036574,6.270343603363939,195.27725892035684,11.264759831843367,86.35028679195712,0
74.80983792097311,7.09910543063867,115.12580403965622,12.516821501408836,75.43872512290112,0
64.97470635362191,3.9295295768788643,175.6871205162227,8.148240440359231,84.65682976957265,0
74.8148686400761,7.634788131268651,251.87978186244436,8.325094738161908,78.15842480583595,0
72.11341361079862,5.395199209384799,199.08527750804473,6.6995373010849155,94.93637999615405,0
78.22718560338089,9.150521745250531,160.02791070820356,11.318503691860679,89.5568136108736,1
66.72769056447677,3.6216243638208643,179.8090031508713,12.336809510536343,85.5287689563574,0
80.19346514241172,8.4719276063305,233.6248010601821,11.373318598455658,91.31853338827334,0
90.32738913002578,5.395821566925296,221.8693427280552,15.023477300042611,80.76842011267132,1
73.91239851543142,3.6971639927711033,95.22135801660612,9.98321194351286,87.71739689335047,0
79.01711722098942,4.032228331891357,185.3270235274125,12.006224966777538,85.99905216859356,0
81.90143991711112,4.3593053836113596,184.32967403824713,6.724897371582057,86.32010040666835,0
70.98779528114164,5.848331892803833,163.10359262005989,8.838700892576798,91.36176750053384,0
77.24092481810416,6.0456709760709995,264.6150275787777,12.086613272697333,88.662460513899,0
75.12592400781794,3.852599992122842,187.1071812315464,12.547306332229432,86.44361831412512,0
75.97676098548831,4.951290815478035,248.68634083301987,9.118099157007453,76.72556281885852,1
67.26990216144533,9.284540717223727,260.85264207689806,9.785202244425799,80.19976852360269,1
75.24510174258943,8.455086340201422,239.9324359259184,5.446378759957572,84.38645533202138,0
79.9799829124545,5.872647339348064,,8.928912397580172,85.46686187138326,0
89.51143607795042,5.076006956336401,216.14920361346438,12.671149490559358,79.34898137663038,0
84.59270826085206,5.240062653436523,199.03217574436334,11.7256150483197,97.05838337789211,0
96.53182457511556,6.227035945460833,163.8519255707949,11.50199716414363,92.58197027626787,1
67.3265243711195,2.954414869603189,212.97437126886413,10.14932106154288,88.01059160196242,1
83.72320636720679,4.48524692515331,152.83840835360792,10.02118947588453,85.36018430641873,0
76.83342005738352,1.662831852244821,247.50717553846255,8.019036581579659,83.93895515049424,0
96.89802933217672,5.798446245210559,181.41530810806427,12.096485260607604,80.24040769988882,1
66.91701714644849,6.294391879405482,208.04638623491357,11.26291883316817,85.38740259259431,0
66.60278157819224,4.033627075401252,211.33151486184568,11.476056543978398,86.28876270071375,0
69.00607354555977,8.147973526580065,189.6438010518369,8.421895471997258,78.79119712259188,0
53.76104275690193,2.5484686739953175,223.467752059011,3.539971240386267,86.67088208622448,0
69.74244978319238,2.0712502395803596,181.00385373509903,13.291458135261088,84.22370475587626,0
67.40867338446301,5.448903637119944,234.85189189828975,8.563487631974787,75.46096221061305,0
76.50393786476208,7.094196605224309,146.16081279013005,7.411672707870638,80.6980749461025,0
78.4175597577716,8.367855382915737,205.05518318185648,12.08043673574198,82.93197233289177,0
93.76170839215887,4.0822314742621195,277.5571599623314,8.82396208024261,94.43843828670096,1
84.5042383818605,7.157361666862592,159.986747015777,13.179809152139866,87.78276562266879,0
69.23096344337597,4.922983060998585,172.89020117900594,11.851017848730093,78.32259215450054,0
66.01585328651642,4.654745400118361,220.5563139863566,12.050707969601433,87.43018144708819,0
79.91919171506505,6.767319874973345,207.1832712775839,5.902132866398397,77.26348005530818,0
61.797667929793576,6.304645756826839,214.02520397094236,13.635831956159201,90.41345526943536,0
93.31458765854353,1.8472156860315012,219.56748520590654,10.783751593701568,82.6443767409106,1
-173.58880241442574,7.9530806994517915,225.3888587424708,8.892168582261391,84.53181905630414,1
70.30824347895295,7.760182708294903,244.38799367824893,10.430165402026754,91.62898323771095,0
57.868654709091224,3.748874596980941,216.3927462771405,4.67129430130504,78.56418215707875,0
88.53872374165412,,190.3496938152583,11.225958434442013,78.01440907443504,0
73.85460154747382,5.988060372565478,226.90294804810924,6.9118854754537855,82.08200336826998,0
87.37816311973462,5.521347531647814,275.9952773958086,5.941989142469397,90.19189425509659,0
59.05572341205633,3.8993896923091595,194.69465014469705,5.432922441346326,77.4032696226158,0
69.00624977046228,3.656753264123897,161.01882781317434,13.338065124969775,70.83922200944716,1
75.05243699718183,4.9488918580171095,244.2832267714789,8.112209818921635,82.744205707955,0
75.46980593764742,7.345458038518729,195.18475344185606,14.601183129749497,87.7587039995546,0
70.49934528520757,6.087200309188865,113.09321815943855,8.392595610843106,91.00130874869414,0
81.22849932347499,4.258771335827788,233.89686708601687,4.87792612722116,82.68419318957301,0
64.32379570617405,6.54339742129669,178.58687256184308,6.650426680154022,82.94286696441999,1
73.57620514978707,-0.6970852412601509,196.37866870783358,13.707434860020816,90.76950367127874,0
76.20295631711899,7.297531400744207,213.27921322276057,9.532305466189998,75.65129150152289,0
80.14438834058748,1.5205724424438007,207.61998719116266,8.355138110528197,83.05739612408496,0
82.11614878088889,4.275118117193736,228.3780726855616,10.480054677558362,85.95211944962529,0
63.75357908162131,2.7606602107477123,182.58054517720626,11.505348208502635,87.24609360642518,0
59.65885829264378,2.4106370485581885,220.5242319270433,13.352196447707382,82.45096653404559,0
87.7767682189851,7.321653574757039,189.61813289664332,14.34549768967878,85.1722050585292,0
78.32314011979592,4.064597597376217,229.5524192355001,8.920694062632743,72.55836323293505,1
67.51513463443446,5.693007763461432,224.61469936052214,6.021856941753885,81.70875793833076,1
90.51151975522524,4.906158842241632,162.58245191821618,8.759604516630173,87.26754356277233,1
76.15674634292859,5.954081654446243,243.43928464700127,10.780841519748659,80.0885298287266,0
86.79297184063826,5.15364378212051,178.56146219543808,,85.29492110794799,0
75.67518481410109,2.4340155516228608,232.3223119312458,7.128547255314871,87.23436250401349,1
95.60747924881987,6.99253363889428,214.69149253605363,11.031363644649657,83.28725399571117,1
92.55340842443204,4.012486833677375,273.5273470718049,9.854042945288647,85.85231885498285,1
72.51035851520926,1.886836202680498,191.0613607051259,10.09839098623476,80.18633717357694,0
84.71570950954356,4.143769678068175,186.0273281552721,7.724513995899791,83.96694360151977,0
81.45375949585147,8.00151958126862,199.2232157644907,9.308797857382698,88.05108084794611,0
88.68631557532349,6.7004434842269855,187.87280868662899,7.227300567195087,85.78486480484217,0
65.35076539419896,4.302695731184282,231.997676077682,12.67059523337436,82.06734365218033,0
81.8605145999844,4.301484591363143,135.34757566253649,13.105748004171257,86.12108202145396,1
85.58424486849587,4.356729897565235,157.85270323414585,4.4614364132857185,88.57304895318309,0
57.41260513576886,9.153495967121682,157.28788313683228,7.21146741942277,,1
63.16741487334225,5.763870904463107,238.01230367894303,5.510412234729763,90.79537032477948,0
54.607678222398995,5.8600832943821395,268.424534903277,8.049928196779305,83.31872630659464,0
72.30593165555442,7.060566908063684,195.82203125850114,9.749686090628918,87.12744966620116,0
82.17542255795962,5.477578318053027,193.24713107239958,5.6510643409044095,90.98623461822613,0
90.02357052096028,4.481915708358594,202.80208652452725,7.234420560624061,-156.28326302769534,1
75.74094780419775,4.607300301830043,246.47513210432763,6.988127883755505,81.45279498786226,1
91.28615545571292,4.856797481171872,162.90587463237705,10.621801988196832,83.55725652062148,1
61.198985417851084,4.925555526980316,209.5347593093914,10.208033011108752,81.08123239437786,0
57.96617560644845,6.4552590872739595,239.0079051912972,7.834787339988241,93.67468287918405,0
74.44452301103381,5.103891771614599,220.0437667975938,10.530462616418195,80.71613953086603,0
78.84065448939307,6.465280154431158,207.58326466394973,8.359959746238204,82.22226610256567,0
74.67305251905907,4.838566839782835,240.04184370268564,9.18503466902184,86.02194515801489,0
54.325578999601234,5.157270380632181,-183.74141656006103,15.020356270895611,78.98925236961955,0
74.10879960487212,1.0035986309357847,227.11501278123632,14.021383155371044,83.02159644121868,0
61.95530499495147,6.832655349404963,173.83697267490305,18.30376886765162,86.58726630625088,0
81.69672548830039,5.692976951795986,126.77468412574173,12.489197253637524,83.33569797808744,0
78.66598246096848,6.996020219719305,220.44810398099924,12.434189663474776,84.53306570550026,0
65.60120213672644,-0.7925107563873786,254.94634180651832,6.555210133742145,82.35333943775815,0
69.86133082663306,9.176749409561456,194.50205941489233,12.456332931264582,77.42764845409616,1
64.40786478111049,4.720820743689653,238.11498188811754,14.613795755237659,86.6079660566962,0
74.37320902726829,7.216365633475033,264.49113031954585,6.632365581266758,93.7746653582362,0
84.55142320501238,2.9201881457489383,252.5965781433619,3.6237457684786047,85.09200815391719,0
65.14273953664457,6.225547810125139,265.5985811748557,13.052984400530507,86.12632058623775,0
80.04046515517844,2.8931688736526877,229.68509964287568,10.814485932476945,88.46361377558429,0
69.69742381627559,3.7524620786083895,203.0173455560637,11.65442882571857,78.65334751726651,0
67.07127167737656,8.828062707733572,135.92136752411326,11.02176764920149,93.51257329064802,0
73.92969640045442,4.6186351984733065,190.15750047480205,11.172087762784432,86.01164398211401,0
64.64757677580626,5.434865746359446,166.27013618735234,6.0205836150667515,93.15928449544555,0
69.46350694652818,6.740135461377508,286.8377086999126,13.141953119864345,81.33483502238005,0
63.021221074111516,5.991363775945209,192.96456750270653,13.50876997728332,94.09030961278913,0
94.6472513291639,5.3008378102871525,204.92819227137943,9.311827767795917,88.87577747017392,0
75.35263551971728,5.729922004932451,222.0594150416187,9.869569150558412,87.7652004292618,0
68.00274492007415,9.80683117047655,201.74409785489814,5.406677492332833,86.17012227176573,1
77.13979910734221,4.884762405932829,267.8020416172301,11.542764268053505,83.75735690962776,0
73.8767195030917,5.402198093429935,175.09402553062193,11.716172325142432,91.00265829236936,0
72.79030400466777,7.1013087920152245,207.78429820948972,9.813426949002068,85.70179934924023,0
81.14166700043425,7.211051865915968,170.30117657207808,13.373060079611509,,0
82.57507710047305,7.37406061112076,147.19909955117177,8.997768307060179,79.414067691465,0
69.69498852389472,6.277460444058369,175.52923636378858,11.6938177776808,84.07077123903626,0
69.2418175935532,2.713990174539033,198.51852811806353,6.9410069839236535,86.54999491582778,1
72.24948302848355,8.266863064602191,182.8279110193096,9.929343547377286,84.71705755550052,0
51.980788352644154,2.707309213962624,172.30316080504576,9.476937226291492,91.09485394896832,0
59.84808937801448,5.605270930478066,143.74730145312665,10.675923766122825,75.24449067980687,0
88.66874267444524,3.4914482999612844,196.6757770948522,8.891419213499924,85.7179396825258,0
91.44967713501283,4.871723306814015,139.8111850387599,9.605582212984997,75.91010387306423,1
72.50963960443622,5.657524820606961,230.4022385475841,12.47814151432452,88.79856147742085,0
80.76556963055766,5.642714430900546,203.29759011738014,8.689707288285348,84.52770642778998,0
78.11250154543536,5.84384150847057,141.6979400214028,5.180268697783962,87.0980498601206,0
105.78880808455239,8.227422538117294,187.63163691800546,15.248751712616261,,1
86.19574911434577,5.90706860302796,169.91374377637666,14.144362236071458,91.39732465828875,0
73.72082408519233,4.511686729418702,212.7669804167672,6.123211914683144,90.20862332029425,0
65.44459559399574,6.928174336576714,253.61801784092577,12.069123415735582,87.91772151505944,1
58.93553679742428,7.378940977849281,124.99310121417022,8.49107568834597,84.3524137656828,0
77.03463635867223,2.544784369726015,204.6010431658967,10.79046164599318,87.89928642647565,0
67.43649254715697,6.194800139699716,193.59468817733438,10.882672387040481,81.46553716006325,0
60.77746290402326,6.402345484621796,226.85360305801862,9.296776599051034,89.27777829510356,0
68.53427115757474,4.404872993280016,208.52786512950757,7.6487030032408105,93.2474044716196,0
64.18451996385605,7.751413626623239,169.92122673044724,7.928376843051222,90.35305279989593,0
91.87141635072564,4.699888825934947,187.23784257333529,7.251424253556273,81.35198765096295,1
83.81639756949451,5.2511529069430845,168.15896572786045,7.504533375308666,86.80708658636551,0
74.92027358683383,4.65385635143226,243.04028554394392,9.798465129851934,78.53429228120676,0
89.79944138890026,5.031158095162935,602.557397840633,7.852720032667745,87.86195155587838,0
75.77368307647619,2.8074498262095964,276.0476274301203,12.04615619713786,87.2530170643127,0
66.38715798671737,2.1198982348114113,197.57356744741517,14.461738466007782,75.65091830233918,1
90.23124077269657,8.189010126449944,171.6637293235815,8.259840275889871,79.19108078043818,1
80.38910043684659,3.3060773033633444,139.4514242954869,10.718213501606131,83.58430551628116,0
64.62753845673544,3.0172153010873854,127.8744129497622,11.499055330908801,83.49570126429587,0
73.09661321916391,0.6932197727925704,136.63456227978043,11.416006812757823,78.95261532290597,0
66.24381746615242,3.7220765046209956,210.68506604045933,10.227865803748262,86.94489364676092,0
61.172002690356635,2.3538204131850033,220.34900092919736,12.228047255079167,86.25736804470256,0
84.26177547531641,8.284030320272738,136.75237191871466,11.446746858041971,84.02865434010741,0
94.0941664047013,7.019634178685268,235.80153256304462,6.2870127330181065,81.22104249920818,0
61.01432426180859,3.6236993096445524,180.6775579326624,12.607468193167819,90.24353563208282,0
80.62969236690572,4.752435805344309,205.87172047942198,6.330936255900113,93.27703556544148,0
68.49357430878173,6.963530973983189,264.488825130217,7.710141687464255,82.58219258076731,1
70.12874616235304,4.350337232982755,235.87357263462127,10.113813506342806,81.9391654142259,0
69.07606075761132,0.0011885702528537934,189.2587740837667,12.049986978433209,87.45603832705999,0
,9.581885145181484,164.35231098338852,9.372058541261914,83.20985310126507,1
75.48521627944827,2.220855066472808,113.9273839468278,13.218934143298036,84.30301399668383,1
66.69049883588963,1.7092025060862164,171.2338672303032,17.09161748385808,88.69826575862336,0
77.70456825779839,7.045140864019281,191.5547904468922,7.642041902095053,75.45321956246353,0
74.49761890550863,9.879504812678546,160.51281891395263,5.856866190538676,91.59151162426335,1
72.6105195313359,7.768545637021036,194.7497213163078,10.911455786814628,85.36340262164671,0
65.92436337958402,6.12781824010472,203.07407531835074,12.16468751537843,82.9425342771891,0
69.23228669431667,6.189508683330572,191.00576072767686,9.307400878465693,84.55382922889275,0
82.55391225825755,6.706831117560616,173.9998967670616,14.359781989963103,84.81214677510259,0
80.00917187624381,6.5178571795735305,206.7461868786691,5.984182600830254,76.34399348277537,0
65.22444755201448,5.562382847938752,217.67762598277636,12.078755869094834,92.47469113726618,1
75.99332305429226,5.208402207903752,156.38403690228614,8.18241753772332,85.2066281613531,1
82.5138712337179,4.874813744200956,256.43729518985083,15.15813371862189,87.21501065223687,0
58.305947188786284,3.4920708222666477,196.05647470862954,15.977546059504355,89.75774885287021,0
80.43360192379934,4.438649846266452,200.7539849177939,7.7000302366499564,79.8941877121985,0
68.37376241054153,1.614086371609229,228.32857693026227,,87.36735949517615,0
80.70598668593159,4.8033207464105,209.32864525054006,12.578763660939405,83.66179454550603,0
67.36740843457483,3.022817785698165,238.1254653565298,8.838608050631457,267.7015616282474,0
56.95117899335481,2.792821365568458,211.48496660807297,9.863766346203285,74.36386289824253,1
58.72457562116837,5.359788302306957,175.50250501438248,10.07616526162723,84.50452849879366,0
75.48084946661382,7.784004572689199,214.46014100824408,4.240980531407031,81.9858967210802,0
77.59722501721483,6.836633212004626,154.25095170717353,9.958486761717289,87.16131475317077,1
32.97841687447796,1.858998792753646,204.34238823106094,,87.35022093684101,0
81.38592458777374,3.020743726859325,198.67080037422156,8.520631532800683,81.46187052588986,0
58.3847993773104,6.881542375976432,191.67532570909842,14.330896010406443,81.43913067911978,0
74.33920201352683,3.035025212923381,194.85849954244276,6.2304793171622315,84.44667315721335,0
62.889838002375434,4.550733700005951,124.72603818009443,12.439615560243933,80.51678886342395,0
68.4816389219784,6.100104198049104,178.05100369036154,9.163111209004574,89.20991847726063,0
37.73699335658207,3.0633110902727294,203.71379604564459,9.160719494512497,83.15396399776277,0
66.39586634716048,5.21075101229192,206.39425567989602,12.371115688155134,70.46505890339179,1
71.15444455770175,2.331949010163591,158.89299436296167,11.020153883706671,83.12588971689097,0
85.0629280921444,3.7972647120975727,250.62831363458804,11.711838991658592,79.80728089578014,0
69.23108130476851,5.639563868285074,165.35300607141997,12.904553981598584,76.84362092269527,0
83.35692112065142,1.8140125329366614,238.77828802106947,9.006074850450032,78.81286680888714,0
63.702931453423815,5.880949475920798,217.0877744748674,8.16328979647675,-171.0940847183297,1
80.29804177915283,4.960724402146638,174.15090760624787,6.7445484203266055,91.64320414124116,0
89.41568620657901,6.104979908834295,271.0124357043805,7.523768410063134,86.5659223693249,1
50.283554998727105,5.447828268129323,152.2545267297408,18.847283275926173,40.98374152946065,1
67.03104744529523,7.728280859947688,236.76616694440006,13.73403874221036,87.27952097585352,0
80.7707212718054,5.250449005295814,240.02329272171914,5.9467769013759355,82.70454844890504,0
72.96954613957007,4.141188917749494,173.17519163693422,6.032626129769289,81.52699815418427,0
78.71145873371309,5.244595006064568,255.69861200257316,11.445598185155475,79.22818665883509,0
68.9601481328418,6.086596058072776,189.99813941604188,11.641794392133901,76.24085596624141,1
75.865897874729,5.0977201406514085,211.5477451711943,11.646651505952093,83.05038146720277,0
73.44322764607921,5.081183382407764,210.41287355084881,9.235132619338906,85.79026744960066,0
86.67782061659807,3.5960166243864893,194.62765034117808,9.623637219991299,84.51688164992555,0
77.54420843301213,3.6741981648981037,232.43233092639127,10.983638572478073,82.92016536026321,0
78.37602662075201,2.194789456400613,231.73954882208852,10.25767901887999,80.2712696965161,0
70.88123033877532,8.499153486373878,130.05872107047276,3.3420988817573942,88.04123095842485,0
70.12393775927507,2.51227352921743,252.1736097151261,9.310601108274419,78.41434040026708,0
70.6744181218038,3.6141896044081854,133.50032047857303,7.445780697219059,88.88013956921738,0
78.94452142378297,3.5631854688616054,241.3018481736663,10.525634256725535,79.98891490536637,0
70.79015519179737,6.789848753888883,245.06820547310332,18.95577700781023,81.23782381323483,0
77.89774856896413,4.410100643415944,156.36134279139208,11.102444996422914,77.66607404692161,0
95.75400798645438,7.495484145347468,183.56742848181662,9.059410941482806,82.49298926557182,1
83.71124703431693,3.653018751512263,155.77181326056257,12.765404505931757,89.87656229238989,0
71.73976467832159,5.557988324447604,191.40315878845058,11.448063661627637,87.57814044221978,0
,3.3293058934804853,187.67862863257034,11.260283471355525,89.89211056014018,0
70.91924626978448,9.290298255546777,231.18642129077358,11.820551779647014,87.61071272966969,1
54.61875464822146,2.6248031619409744,252.41234984478433,16.169630694488625,79.48165085734816,0
64.91913689082595,5.619641420454055,255.82735243159823,6.607334694022253,83.34605387836221,0
56.29208078974145,6.267553761864197,177.51327893686792,11.420896230434364,81.09900435441268,0
71.48486515958692,5.827598194902997,191.63112505021888,7.220856610055385,91.6528745201952,0
75.18418379189552,4.629424682244584,132.662472311162,11.666537939026744,79.01605676786845,0
91.76437312275283,4.740358600533147,167.76519734015244,7.243940465541717,89.46848844694556,1
78.26927373764163,5.087622943958219,238.5940653238983,8.747899559184747,89.46476935054385,0
72.80899471191135,4.705995996743023,264.62331294192927,9.114730257286281,94.14810100858044,0
83.2940558118349,6.927758233589819,150.6260451248031,12.927450158034127,82.95156703685251,0
52.88864690992115,,176.30142963388423,12.75536333182724,88.56161079790081,0
77.35614558108566,3.885016429984333,198.94376972164292,6.262847870660846,96.40825918269421,0
82.70865193886966,2.2603940408418444,211.20644635278427,10.164802332999546,81.91179161533152,0
60.214137542201584,4.82343590329749,167.61585920313416,7.8712604357524825,77.3247987623382,0
86.43754043206928,10.159418675308636,216.96244177856357,6.224485267973996,75.59994983046118,1
78.38496407494414,3.3926508640605384,181.04642611716335,9.348948848726888,88.56356014430666,0
70.84712086099199,8.278233610888135,199.42190916486882,9.074551634632542,75.58424895970708,0
81.32781866106285,8.355401628152881,-443.702739840296,17.280149459036565,83.13840473531039,0
97.70692857804396,3.892823516584011,200.2568907924375,11.298879476082089,87.1865659351948,0
76.81866255058495,6.137966158370551,182.54456437893725,5.867147497737288,85.92587768414957,0
77.48220586300336,8.256793246257075,195.61560784296677,8.305677987487172,87.12722432092086,0
70.40639100459757,4.241744518025026,196.4654816317866,13.064149886288195,86.11144927900428,0
66.50155630535208,4.592839279795276,185.19955880471488,16.265328318609775,91.39432906656697,0
83.30335816544246,3.8366381721027123,189.6481574933159,5.2420500632861255,80.23841809630602,0
66.43916174091133,2.9704865386142663,263.94588682018866,4.360226844582865,81.61502430770734,1
75.71566237219392,3.701444909867986,222.43677791764955,15.612895526115347,81.13670277364588,0
70.22342553234883,2.552119466475487,188.18078727883358,11.168842532112711,89.15095905931305,0
79.78979825746391,5.068166936518452,227.87817618042942,7.3951218043709,89.50199294197532,0
78.33662105286949,3.4600535378827164,186.6472204097596,11.603887258367307,87.25612659659254,0
85.375399442579,5.467571823581496,246.92498550346565,2.092756782949367,90.91746833444964,0
69.89983601145254,1.8882087075927454,214.78568768792377,10.010126519791482,79.10979566311809,0
72.30125064706628,5.661760464428914,195.70791423983084,10.983463518529256,93.33612055775569,0
65.21236284217693,6.6670579232178495,217.9086770324111,12.772810418613489,92.61619310856129,0
70.55706739923889,1.0125287148570892,137.16495391726002,6.958312143122387,88.67810998622873,1
78.77300493044852,5.748113139695144,154.9293012436078,10.257061484210077,93.9089945438553,0
82.56988616645351,7.455337984946585,152.24299974403777,7.2237261218212385,76.71688396161113,1
65.77834675822375,2.580717962617589,205.71772379054826,10.766151267022952,82.37775931868674,0
83.6960592010566,8.345144773675408,269.30059997940367,7.313961032910928,81.32348269659023,0
88.55637858804951,5.838038018732091,289.2520058477053,8.775697482519337,88.60739661878672,0
79.13434903223701,3.5899762884831823,225.5220440576303,7.012553815629313,79.74929630198928,0
93.76795812558066,4.8884618446845876,220.03377899777828,11.953408725470972,88.78747574668743,1
67.26210800896428,6.116653825043445,127.95769063389044,12.575353349969996,91.85268071998357,0
62.55345296688583,5.152010782824823,178.29304801063913,9.29613829012776,88.47601450041999,0
57.212797510957216,6.077511984892738,168.48864992367044,10.114713984880085,86.4187551183075,1
89.96044311489183,3.1586528138412673,175.16609606995536,5.654225756099367,80.06063329549626,0
81.54365656354058,5.3387216480721555,193.27424725660842,9.100970055979639,80.76574516937318,0
74.44415329089544,2.1725710061900396,181.1163768921149,9.849386148874766,91.24809452648333,0
77.7996862631982,4.7775478773026,120.82800758496849,17.862379273089925,88.89674501952666,0
63.74510952701623,3.1921847170704205,229.91641024470135,6.664098922677509,84.80490240311228,0
99.45751979616827,3.528940114820467,157.09027897040772,14.392531716257313,82.91045227117054,1
76.29221181975228,7.472186350420875,209.56987456444597,12.990576320397423,74.87096063444312,1
38.046973973024464,7.182620241188538,282.9633067899989,10.841909213470409,79.6457379065778,0
82.25766623898691,6.218276241814354,163.22461633654308,15.2758614525854,94.55709543569861,0
79.81009231736714,2.815374470654842,98.78849909014681,11.116316417820588,78.59772214498767,0
,4.367183100610396,188.55983112479558,11.167477587003786,85.94739910610541,0
67.09525544554688,7.426195399958367,244.03838539994285,9.840638040947365,90.037219865976,0
79.71468357135996,5.28343382727981,278.33389816882374,41.01211994176765,78.72538665998854,0
,9.63865907996339,150.81801622190332,13.289407701432651,85.92355237390542,1
88.45420046154977,5.786635678788744,219.86796892946086,8.122968137511362,89.68957768755328,0
90.93186626639397,5.3840982329800635,181.38758172879787,6.042258416203698,85.06249660953625,1
69.88784323568815,4.3817670715949975,195.76206582783456,9.391058087813029,99.34201527833385,0
65.1039517974142,5.267081809564565,305.7737338806814,7.599884306807061,76.65700370560903,0
73.74213079900352,4.695060327238912,139.88118686419386,9.809426276153935,90.2936426494194,0
75.55724912288694,6.416217353377181,210.14958645978294,41.13694321215725,84.13599131301768,0
85.94191518470949,6.913404633589169,218.70772687061734,8.62809503473963,88.85960077418338,0
58.07535370285181,3.4280210789841012,243.4314529975739,9.871529856065276,87.20653575849623,0
90.29550319460614,2.337534092884444,203.91932613883583,10.174068204425186,81.33421901445001,1
73.4199210142101,1.3275892537934069,212.3220215801641,12.545292646615854,86.1449819622967,0
70.7311893005258,6.015982653825088,184.33405730312836,3.259331998046184,75.71049274300856,0
64.87895624739832,2.793266787652253,210.76507764980428,8.17989911570411,88.01623750285697,0
58.451433281342304,0.6942188140950343,186.2723089801036,10.633851076838418,86.49079232995263,0
83.23170583961914,5.7771572090619285,224.86287559424204,13.600236869280584,88.19330084321551,0
75.73317967188405,9.985999034865582,185.21558655825464,8.524292657481384,90.29059162543575,0
62.10039100258946,4.987858176920214,215.08401575608747,4.370341881874378,86.83809920104855,0
62.04921227936384,6.676981548903283,198.82948745260086,11.859134337898409,85.74044709899138,0
71.64215300709871,5.16365871709513,245.04201003088673,8.093912833523111,80.59465831669354,0
91.69021525289392,4.8022206936177145,197.94425105646056,6.431000022728917,81.43889618175474,1
72.40408648636395,6.838152965975537,129.07870127172475,8.126963830860328,90.93367310088665,0
59.96857046881894,4.419450911622698,250.47686002855966,9.446423927032452,92.18167702852989,0
72.54256935914056,5.534784628143806,163.77070796549523,8.18576600638536,83.80944781843974,0
72.2727643025233,5.643395612392027,173.8493464540472,3.383301828702793,85.23001373626637,0
48.03113357058429,3.6638190927139025,176.1735482382603,12.691198590661397,80.47692812503116,0
74.45705133482188,6.984084699073046,254.9775237268327,13.824625123836167,90.86378422633723,0
72.69065469791322,4.650080486609182,114.57303144085218,11.954565974018518,88.3270841184589,0
81.96206364813418,3.4885096810143104,325.5099413463997,19.76082896617665,94.70608718231874,0
93.48956094945345,6.073019687140807,242.24227236264207,9.395525398157446,80.60838461410131,1
86.26565029547757,3.2030640364179255,208.9295565651664,9.980436054311626,83.10996050490891,1
72.3111130944517,5.056362314738257,197.80423997534854,11.79638316868573,86.15722961262786,0
63.934740912583294,4.981762006711593,211.4221629943063,12.005021466154243,88.23244768862885,0
